package_type,deliveries,average_delivery_time,average_expected_time,delay_rate,average_rating,average_cost,average_distance
automobile parts,2795,6.263327370304115,13.141323792486583,26.189624329159212,3.687298747763864,877.1823798211092,152.94239713774598
clothing,2767,6.404409107336465,13.248283339356703,26.093241778099024,3.691362486447416,879.4215508492953,153.3612938200217
cosmetics,2744,6.290087463556851,13.056122448979592,27.040816326530614,3.6395772594752187,870.8008741982507,151.62587463556852
documents,2805,6.159714795008913,12.700178253119429,27.16577540106952,3.6652406417112298,850.8332961853832,147.365311942959
electronics,2792,6.187320916905444,13.045487106017193,27.18481375358166,3.6522206303724927,857.739423495702,148.79344555873925
fragile items,2848,6.152036516853933,13.20681179775281,26.650280898876407,3.658005617977528,847.4551371488764,146.90372191011235
furniture,2746,6.215586307356155,13.561179898033503,24.763292061179897,3.6893663510560817,866.7197031318282,151.08750910415148
groceries,2693,6.228369847753435,12.939844040103972,27.441515038989973,3.6646862235425175,861.8466918678054,149.7391013739324
pharmacy,2810,6.334163701067616,13.07188612099644,27.544483985765122,3.6466192170818506,873.0032546619217,151.80366548042704
