delivery_partner,deliveries,average_delivery_time,average_expected_time,delay_rate,average_rating,average_cost,average_distance
amazon logistics,2711,6.2792327554407965,13.119881962375507,27.222427148653633,3.6444116562154187,868.1501310217632,151.27716709701218
blue dart,2798,6.296283059328092,13.005360972122945,26.94781987133667,3.677626876340243,863.0217053609722,149.73870621872766
delhivery,2786,6.155419956927495,13.39770279971285,24.80258435032304,3.687724335965542,848.1098098348887,147.03790380473797
dhl,2802,6.250535331905781,13.202355460385439,26.33832976445396,3.685224839400428,872.8311249107779,152.0844039971449
ecom express,2722,6.246877296105804,13.084864070536371,26.634827332843496,3.674504041146216,868.7721864070537,151.06620132255694
ekart,2801,6.268118529096752,12.988218493395216,27.418779007497324,3.655480185647983,869.9667196715459,151.56647625847913
fedex,2818,6.140880056777856,13.078779276082328,25.159687721788504,3.6983676366217177,857.3556395315827,148.77870830376153
shadowfax,2736,6.272295321637427,13.051900584795321,27.302631578947366,3.6615497076023393,868.3401559210527,151.0377558479532
xpressbees,2826,6.323779193205945,13.04069355980184,28.27317763623496,3.60898796886058,868.1657675159234,150.97448690728947
